rank,key,title,期間増加PV,1日平均PV,期間開始PV,期間終了PV,分析期間(日),集計日
1,n1ab49e4662c1,【Windows11】スニッピングツールの使い方｜初心者が今すぐ使える基本から便利技まで【新年度応援キャンペーン 第2弾】2回目,1536,51.2,0,1536,30,2026-04-26
2,n58f139d7c0db,【初心者向け】Microsoft Listsとは？SharePointとの違いを最短で理解する,885,29.5,3946,4831,30,2026-04-26
3,nb1e2265ad790,【Windows11】メモ帳の使い方｜初心者が今すぐ使える基本から便利技まで【新年度応援キャンペーン 第2弾】3回目,779,25.97,0,779,30,2026-04-26
4,n83185b47dcae,「毎朝の予定通知、Copilotに任せてみた」〜スケジュール機能の使い方〜,589,19.63,2191,2780,30,2026-04-26
5,n4b02c38fdc62,やはりExcelやWordでのCopilotは使えなくなるのか？続報が無いまま、審判の日へ【AI活用｜生成AI｜Copilot｜業務効率化｜仕事術】,553,18.43,0,553,30,2026-04-26
6,n573aa06058a6,【初心者向け】OneNote×Copilotで仕事効率爆上がり！情報整理が“あとから強くなる”理由とは？,489,16.3,1952,2441,30,2026-04-26
7,n07331599d467,【審判の日の答え】 やはりExcelやWordでのCopilotは使えなくなるのか？【AI活用｜生成AI｜Copilot｜業務効率化｜仕事術】,356,11.87,0,356,30,2026-04-26
8,na36a7021f7fd,【M365激震】Copilot無償版がOfficeアプリで制限？今のうちに企業がやるべき「効果測定」とは,325,10.83,308,633,30,2026-04-26
9,n34a6b20411c9,【Windows11】マウスカーソルの大きさ変えられるの知ってました？【新年度応援キャンペーン 第2弾】1回目,310,10.33,0,310,30,2026-04-26
10,n1adb50dd9262,【Windows11】ペイントの使い方｜初心者が今すぐ使える基本から便利技まで【新年度応援キャンペーン 第2弾】4回目,295,9.83,0,295,30,2026-04-26
11,nd74ff5f72615,「帰るな」と言われた夜21時。40代就職氷河期世代が噛み締めた、理不尽と泥臭い記憶（序章）,294,9.8,0,294,30,2026-04-26
12,n594a34c85149,【AIシオンの画像生成入門】#130 「反射構図」 上下対称のシンメトリーで一気に幻想的な雰囲気に！（Microsoft365 Copilot の画像生成AIを利用したAIイラストプロンプト解説）,277,9.23,0,277,30,2026-04-26
13,n50759e12b971,パノラマがうまくいかないモヤモヤ、超広角で解決するか試した話【デジさしみの朝活】2026/04/18(土)｜画像生成｜AIイラスト,273,9.1,0,273,30,2026-04-26
14,n269e57490f2f,【AIシオンの画像生成入門】#131 「朝焼け」 爽やかな光でイラストの透明感をアップさせよう！（Microsoft365 Copilot の画像生成AIを利用したAIイラストプロンプト解説）,272,9.07,0,272,30,2026-04-26
15,nf4689cee4da0,生成AIは「デジタルさしみ」を理解できるのか？ 主要 画像生成AI 徹底比較 （2026/4 版）【5つの生成AIで比較！ | ChatGPT | Copilot | Gemini | Grok | Stable Diffusion 】,271,9.03,0,271,30,2026-04-26
16,nde97258d092b,つれづれと。画像生成やCopilot Coworkに挑戦中,267,8.9,0,267,30,2026-04-26
17,n048b43e39d7a,みなさんは、AIイラストを生成するとき、どこから始めますか？,265,8.83,0,265,30,2026-04-26
18,nd21147ffdd06,焦りと学びと怠惰と疲労と。日曜日の朝に思う。,252,8.4,0,252,30,2026-04-26
19,n2a7ac193ca06,社内勉強会チャンネルをナチュラルで彩る — Copilot Create バナープロンプト実録,251,8.37,0,251,30,2026-04-26
20,n49ef592389c6,【AIシオンの画像生成入門】#135 「反射光」でイラストに空気感と立体感をプラスしよう！（Microsoft365 Copilot の画像生成AIを利用したAIイラストプロンプト解説）,247,8.23,0,247,30,2026-04-26
21,nb4d53cfa0e77,Copilot の水彩画で遊んでみる｜2026/04/24(金)｜画像生成｜AIイラスト,243,8.1,0,243,30,2026-04-26
22,n32ca1492a511,【AIシオンの画像生成入門】#136 「サイドライト」でイラストに立体感とドラマを！💡（Microsoft365 Copilot の画像生成AIを利用したAIイラストプロンプト解説）,239,7.97,0,239,30,2026-04-26
23,ne053f015de25,4月になりました！新年度応援キャンペーン 第１弾！！,232,7.73,0,232,30,2026-04-26
24,n262712e6fc30,夜の雑記（2026/4/14）情報投稿とCopilot Coworkの話,230,7.67,0,230,30,2026-04-26
25,nec73a7f12645,【AIシオンの画像生成入門】#132 「夕焼け」 時間帯指定との違いを知って表現力アップ（Microsoft365 Copilot の画像生成AIを利用したAIイラストプロンプト解説）,224,7.47,0,224,30,2026-04-26
26,n65e0216cd7fd,新しい春、新しく始めることはありますか？――連続投稿183日のnote。記録と本音――,221,7.37,0,221,30,2026-04-26
27,n752f2c3efe1e,【AIシオンの画像生成入門】#137「木漏れ日」でイラストを一気にエモくしよう！🌳✨（Microsoft365 Copilot の画像生成AIを利用したAIイラストプロンプト解説）,213,7.1,0,213,30,2026-04-26
28,na467629cfad3,休みの日は、気が付けば体力が減っている,207,6.9,0,207,30,2026-04-26
29,n314468b0a41a,【AIシオンの画像生成入門】#133 光を際立たせる「暗闇（Dark lighting）」の魔法！,207,6.9,0,207,30,2026-04-26
30,nbf0d4fb0e94c,Copilotが作る新年度バナー：エネルギー全開な春の画像,201,6.7,0,201,30,2026-04-26
31,n7a94b97c7733,疲れた朝に癒しを求めてみる【デジさしみの朝活】｜画像生成｜スキしてみて,197,6.57,0,197,30,2026-04-26
32,n0ce0006eea83,【AIシオンの画像生成入門】#134 「逆光」イラストにエモさと透明感をプラスしよう！🌇✨（Microsoft365 Copilot の画像生成AIを利用したAIイラストプロンプト解説）,196,6.53,0,196,30,2026-04-26
33,n30d505303985,シオンさんといろいろ散歩【デジさしみの朝活】｜画像生成｜スキしてみて,195,6.5,0,195,30,2026-04-26
34,nd1919d3280cf,【AIシオンの画像生成入門】#128 「パノラマ」 見渡す限りの絶景！ 広大な世界観を一瞬で（Microsoft365 Copilot の画像生成AIを利用したAIイラスト）,194,6.47,0,194,30,2026-04-26
35,ndc151cfa751b,月曜日というよりも年度末が頭をちらつく朝【デジさしみの朝活】｜画像生成｜スキしてみて,191,6.37,0,191,30,2026-04-26
36,n6778e6b97c2f,さすがに疲れが限界突破しました🫠,189,6.3,0,189,30,2026-04-26
37,n32ef428cf3b2,【感謝！】フォロワー500人＆200日連続投稿達成しました！リアルな数字公開します,186,6.2,0,186,30,2026-04-26
38,n6b485635be13,引き続き学習中【デジさしみの朝活】2026/04/23(木)｜画像生成｜AIイラスト,182,6.07,0,182,30,2026-04-26
39,nd71619226531,穏やかな朝と宅習の日【デジさしみの朝活】2026/04/22(水)｜画像生成｜AIイラスト,181,6.03,0,181,30,2026-04-26
40,n4de9e18d3ff3,SharePointのハイパーリンク列に「表示名」を付ける3つの方法【Power Automate対応】,178,5.93,1003,1181,30,2026-04-26
41,nb01cd396321c,【自動化】「簡単」なのに「難しい」？Power Automateで陥る落とし穴とは,164,5.47,914,1078,30,2026-04-26
42,nbdde5e820a3a,【AIシオンの画像生成入門】#129 「シルエット」 表情を隠して美しい背景を（Microsoft365 Copilot の画像生成AIを利用したAIイラスト）,164,5.47,0,164,30,2026-04-26
43,n4660c3e5c5b9,シオンさんといろいろ散歩【デジさしみの朝活】2026/04/15(水)｜画像生成｜スキしてみて,162,5.4,0,162,30,2026-04-26
44,nd4b452ac0cf6,【画像生成AI入門】#17「バストアップ」キャラの魅力がグッと映える！,150,5.0,314,464,30,2026-04-26
45,n126a0845bdbb,Windows 11標準でGIF作れた！Snipping Tool録画→GIF化のやり方,117,3.9,458,575,30,2026-04-26
46,n8b0bd9cf1fc9,【Windows11】Edge（エッジ）の使い方｜初心者が今すぐ使える基本から便利技まで【新年度応援キャンペーン 第2弾】5回目,113,3.77,0,113,30,2026-04-26
47,n331b65e896c6,OneNoteは「下書き置き場」と割り切ると最強 📝,95,3.17,287,382,30,2026-04-26
48,n719abb57ac52,【AIシオンの画像生成入門】#127 「連続写真風」 ストーリー性がマシマシ！動きの過程を視覚化する （Microsoft365 Copilot の画像生成AIを利用したAIイラスト）,87,2.9,170,257,30,2026-04-26
49,n099c451d32c5,【画像生成AI入門】#64 「ミリタリー」キャラが強く見える定番ワードまとめ,80,2.67,169,249,30,2026-04-26
50,nfcdb32c157bd,【M365管理者向け】 Teams外部チャットを安全に止める方法⚠️便利さの裏に潜むリスク,72,2.4,440,512,30,2026-04-26
51,n4982f548a357,「デジさしみ」のお品書き,63,2.1,175,238,30,2026-04-26
52,n0dd5336a2dd6,【デジさしみSharePoint 攻略】最初に知りたい「4つの役割」✅ | Microsoft365 初心者が最初に知るべき全体像,62,2.07,1075,1137,30,2026-04-26
53,n82e0022deabe,Excel Agent Mode解禁！今すぐ作業を丸投げしよう【デジさしみの業務効率化】,60,2.0,826,886,30,2026-04-26
54,ncb03766f1808,【画像生成AI入門】#11「広角・ローアングル」ってどんな世界？視点を変えるだけで劇的変化！,57,1.9,214,271,30,2026-04-26
55,nf9a4d90da5aa,【デジさしみSharePoint攻略】Teamsで保存したファイルはどこ❓｜SharePointサイトが増える理由と保存先の仕組み✅ IT初心者向けMicrosoft365業務効率化,57,1.9,782,839,30,2026-04-26
56,n012f9927f3b7,【画像生成AI入門】#20 「オーバーショルダー」背中越しの視点が生む没入感とは？,54,1.8,149,203,30,2026-04-26
57,n89b907820961,【AIシオンの画像生成入門】#118 「ピクセルアート」カクカクが可愛い！レトロな魅力 #Copilot #Gemini #AIイラスト #画像生成AI,50,1.67,274,324,30,2026-04-26
58,nf522191c6877,PowerAutomateの調べものに強い生成AIは？初心者向けに徹底比較！🧠🔍,48,1.6,275,323,30,2026-04-26
59,n7a3eec5a2fa0,【2025年8月版】3大AI「ディープリサーチ」徹底比較：あなたに最適なのはどれ？,43,1.43,613,656,30,2026-04-26
60,ncee34da719fc,【AI シオンの画像生成入門】#103 「夜の路地」初心者でも簡単！奥行きと光で魅せる背景プロンプト🎨 ｜毎日投稿 毎日note 画像比較・解説 Copilot GPTImage1.5 / Gemini NanoBananaPro プロンプト付き,42,1.4,225,267,30,2026-04-26
61,n140a86afc1fd,何気なく右クリックしたら便利すぎた❗Edgeの「Copilotで要約」が想像以上でした | MicrosoftEdge | Copilot | 生成AI | ブラウザ活用 | 情報収集 | 要約機能,40,1.33,174,214,30,2026-04-26
62,nbc44911ab0ea,【画像生成AI入門】#25 「パステルカラー」で世界が変わる！ふんわり幻想的な雰囲気の作り方,39,1.3,79,118,30,2026-04-26
63,n465a50ff559d,noteのデータをExcelでコネコネしてみた【デジさしみのAI実験室】 vol.006,38,1.27,156,194,30,2026-04-26
64,n79cae69d45cd,【ご報告】資格試験 PL-900 受験 ＆ 合格してきました,38,1.27,317,355,30,2026-04-26
65,n799d8680584b,【画像生成AI入門】#74 「リュック」 背中に足すだけで印象アップ,38,1.27,119,157,30,2026-04-26
66,nf1cb02244f67,「AIがPCを持つ」時代へ—Project Opalの魅力を語る🎉,37,1.23,272,309,30,2026-04-26
67,n3e5aae75668f,Copilotで素材画像を作ってみた【デジさしみの朝活】｜画像生成｜スキしてみて,36,1.2,176,212,30,2026-04-26
68,n191c1efd46ac,【AIシオンの画像生成入門】#112 「サイケデリック」 目のチカチカが癖になる！超ド派手な演出術✨ #Copilot / #Gemini 画像比較・解説 毎日投稿 毎日note,36,1.2,272,308,30,2026-04-26
69,n94037b278329,【AIシオンの画像生成入門】#122 「フレームアウト」 はみ出すだけで躍動感が段違い！ （Microsoft365 Copilot の画像生成AIを利用したAIイラスト）,35,1.17,196,231,30,2026-04-26
70,ne88a1bc97f40,【AIシオンの画像生成入門】#126 「逆さ構図」 空に落ちる！？ダイナミックな非日常アート！ （Microsoft365 Copilot の画像生成AIを利用したAIイラスト）,35,1.17,171,206,30,2026-04-26
71,n6b033d57888c,【画像生成AI入門】#16「シンメトリー構図」なぜ“左右対称”の構図は美しく見えるのか？,34,1.13,135,169,30,2026-04-26
72,n6e39c6eee69e,【AIシオンの画像生成入門】#125 「バックビュー」 後ろ姿の指定で没入感たっぷりのイラストへ （Microsoft365 Copilot の画像生成AIを利用したAIイラスト）,34,1.13,186,220,30,2026-04-26
73,n8d589befdee2,【自己紹介】40代 会社員 M365 × 画像生成 の組み合わせで投稿？,32,1.07,183,215,30,2026-04-26
74,n6f4733e55fbe,【画像生成AI入門】#19 「クローズアップ」って何？感情を伝える画像を作ろう,32,1.07,99,131,30,2026-04-26
75,n98cbca56f702,【AIシオンの画像生成入門】#106 「森林」光のプロンプトで激変！幻想的な森の作り方 Copilot GPTImage1.5 / Gemini NanoBananaPro 画像比較・解説,32,1.07,226,258,30,2026-04-26
76,n002181061da5,【画像生成AI入門】#33 「ヴィネット追加」で主題が際立つ！画像の印象を一気に深めるテクニック,29,0.97,97,126,30,2026-04-26
77,n5de47a30231f,【画像生成AI入門】#80「魔法陣」背景が寂しい…を救ってくれた魔法の一語,27,0.9,118,145,30,2026-04-26
78,n407c3e9a4b79,【初心者向け】あなたの仕事を劇的に変えるPower Automate活用事例 3選,26,0.87,315,341,30,2026-04-26
79,n8e7f55b4d332,【画像生成AI入門】#78「ネオン看板」夜の街を一瞬でエモく変える光のマジック,26,0.87,129,155,30,2026-04-26
80,n3865315da750,【画像生成AI入門】#32 「フィルムグレイン強め」でノスタルジックな雰囲気を演出しよう,26,0.87,134,160,30,2026-04-26
81,nf03589f732c9,【AIシオンの画像生成入門】#104 「日本庭園」味気ない背景が、静寂に包まれる本格美景に！🎨  毎日投稿 毎日note 画像比較・解説 Copilot GPTImage1.5 / Gemini NanoBananaPro プロンプト付き,25,0.83,206,231,30,2026-04-26
82,nd8629c72167b,【画像生成AI入門】#77「 提灯 」和風プロンプトの決定版！温かな光を添える方法,25,0.83,143,168,30,2026-04-26
83,n4073c9414fbf,【AI シオンの画像生成入門】#96 「レンズフレア」写真っぽさとリアリティが激変する光表現テクニック🎨,24,0.8,227,251,30,2026-04-26
84,nb27403fdcbdc,Copilot Pages × Chatで変わる！業務を加速する最新アップデートとは,24,0.8,384,408,30,2026-04-26
85,n513573c02a0f,Nanobanana2 が実装されたらしいので、画像生成して遊んでみた,23,0.77,297,320,30,2026-04-26
86,n1a0876674f96,【AIシオンの画像生成入門】#114 「レトロ」懐かしのフィルム感がエモさを引き立てる！ #Copilot / #Gemini 画像比較・解説 毎日投稿 毎日更新,23,0.77,278,301,30,2026-04-26
87,nf357e215de58,最強の相棒！Excel Agent Mode スターターガイド【デジさしみの業務効率化】,23,0.77,240,263,30,2026-04-26
88,naf2a9ee130d3,【note分析レポート #2】無意識のSEO/AIOが効いていた2ヶ月目（）の記録,21,0.7,80,101,30,2026-04-26
89,n9042f86fda54,【画像生成AI入門】#65 「ローブ」魔法みたいに世界観が深まる服装ワード,20,0.67,115,135,30,2026-04-26
90,n0821d2026370,Microsoft365の最新情報まとめ（2025秋版）,19,0.63,366,385,30,2026-04-26
91,n6d46f23f24ef,【AIシオンの画像生成入門】#124 「フロントビュー」 正面構図でキャラの魅力アップ✨ （Microsoft365 Copilot の画像生成AIを利用したAIイラスト）,19,0.63,209,228,30,2026-04-26
92,n67b4282bd363,【体験談あり】Power Automate × SharePoint Listsのログ管理 －その１－,19,0.63,171,190,30,2026-04-26
93,ne215d1848b23,【AI シオンの画像生成入門】#91 「光の粒子」キラキラを味方につけて奥行きのある1枚を🎨,19,0.63,106,125,30,2026-04-26
94,nbf97c27dfb34,【AIシオンの画像生成入門】#116 「ゴシック」不気味で美しい！理想のダークファンタジー #Copilot / #Gemini #AIイラスト,18,0.6,216,234,30,2026-04-26
95,n01b77fa4d654,【画像生成AI入門】#79「ホログラム端末」光るディスプレイで近未来を演出,18,0.6,107,125,30,2026-04-26
96,na660c9733b3f,【AIシオンの画像生成入門】#123 「サイドビュー」 視線を外して背景と馴染ませるテクニック （Microsoft365 Copilot の画像生成AI機能を利用したAIイラスト解説）,18,0.6,218,236,30,2026-04-26
97,n1549fb2754cb,【自己紹介】40代 不器用な会社員が画像生成の勉強を始めた理由！（画像生成AI、AIイラスト、M365、Excel、ワーパパ、ChatGPT、Gemini、エッセイ、フォロワー、記事）,18,0.6,439,457,30,2026-04-26
98,n13bc96c307b4,生成AIは「デジタルさしみ」を理解できるのか？ 主要 画像生成AI 徹底比較 （2026/3 版）【5つの生成AIで比較！ | ChatGPT | Copilot | Gemini | Grok | Stable Diffusion 】,17,0.57,240,257,30,2026-04-26
99,nd784bd97aa44,【結果は不明？】GPT-4.1？GPT-5？Copilotエージェントの正体を探ってみた,17,0.57,261,278,30,2026-04-26
100,n46f972a25135,なぜ私は有料記事を書けないのか？——奪われてきた「自分の値段」,16,0.53,235,251,30,2026-04-26
101,nc7de4bfd106c,【画像生成AI入門】#69 「パーカー」で雰囲気が激変！自然でかわいい人物を作るプロンプトのコツ,16,0.53,210,226,30,2026-04-26
102,ne29cd3ede4a2,【AI シオンの画像生成入門】#88 「パステル」柔らかい色使いで癒やし系イラストを生成しよう🎨,16,0.53,177,193,30,2026-04-26
103,n1e4c5e84bc09,【画像生成AI入門】#61 「和服」キャラを綺麗に作るには？画像生成AIで押さえるべきポイント,15,0.5,89,104,30,2026-04-26
104,nbe7315e62db4,【画像生成AI入門】「サイバーパンク」ってどんな世界？未来×退廃の魅力をプロンプトで再現！,15,0.5,62,77,30,2026-04-26
105,nd4461e9d4c30,【AIシオンの画像生成入門】#111 「フォトリアル」えっ、これAIなの？と驚かせる画像生成術 Copilot GPTImage1.5 / Gemini NanoBananaPro 画像比較・解説 毎日投稿 毎日note,14,0.47,315,329,30,2026-04-26
106,n3681db31bfbc,Teams使ってなくても招待が届く？アップデートの影響と注意点,14,0.47,328,342,30,2026-04-26
107,n9d35b0d5051a,【画像生成AI入門】#39 「シャープ仕上げ」の効果とは？質感・光・存在感を操るテクニック,14,0.47,101,115,30,2026-04-26
108,n941e80af75b5,最近流行りのAIに「私の扱い方」を聞いてみたら、思ったより好かれていて安心した話,14,0.47,192,206,30,2026-04-26
109,nf91d521d54bc,【画像生成AI入門】#27 「セピア」で一気にノスタルジックに！色調ひとつで変わる世界,13,0.43,83,96,30,2026-04-26
110,ne1e7ef60ebdf,【AI シオンの画像生成入門】#94 「煙」奥行きと空気感を出すプロンプト解説🎨 ,13,0.43,199,212,30,2026-04-26
111,n499cc79b529d,法人版CopilotでAIイラスト！？「アカリウム」参加記念にサイバー水族館で泳いでみました🐟,13,0.43,226,239,30,2026-04-26
112,n591fe51fdb5e,【AI シオンの画像生成入門】#102 「都市の夜景」夜の光がキャラの魅力を引き立てる🎨 ｜毎日投稿 毎日note 画像比較・解説 Copilot GPTImage1.5 / Gemini NanoBananaPro プロンプト付き,13,0.43,257,270,30,2026-04-26
113,n8d4fa1b1faab,【AI シオンの画像生成入門】#99 「モーションブラー」止まっていた世界が動き出す？🎨,13,0.43,229,242,30,2026-04-26
114,n9d38a6e586ab,【画像生成AI入門】#68 「ドレス」 可憐にもゴージャスにも変化する万能ワード,13,0.43,84,97,30,2026-04-26
115,n32b3a91d3297,【AIシオンの画像生成入門】#117 「アールデコ」直線美とゴールドが映える！幾何学模様の魔法 #Copilot #Gemini #AIイラスト #画像生成AI,13,0.43,243,256,30,2026-04-26
116,n0b8d254e9c75,【画像生成AI入門】#10「イラスト風」ってどんな世界？柔らかくて温かみのある雰囲気を！,12,0.4,118,130,30,2026-04-26
117,n18e88547ce15,【AIシオンとデジさしみの画像生成入門】#EX017 「激映えする構図」いつもとは違う角度×2を考えてみる（前編）,12,0.4,278,290,30,2026-04-26
118,n94d926a94f2b,水族館に行こう！（２）【デジさしみの朝活】｜画像生成｜スキしてみて,12,0.4,227,239,30,2026-04-26
119,nefea123284ce,【独占検証】Copilot PagesがClaude超え？Chat連携で本当に業務が加速した話,12,0.4,226,238,30,2026-04-26
120,nf160e8786e4d,月曜だからこそ元気よく！【デジさしみの朝活】｜画像生成｜スキしてみて,12,0.4,255,267,30,2026-04-26
121,n454ceef8949b,【note分析レポート #3】少しずつ成長。SEOは強い？3ヶ月目の記録,12,0.4,50,62,30,2026-04-26
122,n161664e7c50d,3分で把握！ Copilot （法人版） GPT-Image-1.5 使い方と「 業務資料が楽になる 」注意点まとめ,12,0.4,177,189,30,2026-04-26
123,naac92978056d,【AI シオンの画像生成入門】#81 水彩表現を作る方法 | 💦Watercolorプロンプトで柔らかい雰囲気にするコツ🎨,12,0.4,161,173,30,2026-04-26
124,na4b4bc733c1f,【画像生成AI入門】#56 「ノスタルジック」記憶のような世界を描く方法,11,0.37,75,86,30,2026-04-26
125,nc27e8e126759,【画像生成AI入門】#71 「傘」キャラの印象を強くする小物テクニック,11,0.37,62,73,30,2026-04-26
126,n0686dec28df6,GPT-5.2がリリースってCopilotも！？利用できるアプリ調べました🚀✨,11,0.37,623,634,30,2026-04-26
127,neef6d1696620,【AIシオンとデジさしみの画像生成入門】#EX018 「激映えする構図」いつもとは違う角度×2を考えてみる（後編） ,11,0.37,288,299,30,2026-04-26
128,n6016cc750d54,【画像生成AI入門】#76 「メガネ」知的な印象を一気にプラスする魔法のアイテム,10,0.33,112,122,30,2026-04-26
129,n3f0123c5781d,【画像生成AI入門】#21 「キャンドル光」で幸福感アップ！画像生成AIで光を操る,10,0.33,83,93,30,2026-04-26
130,n6db48843dd5f,間違っている記事を見つけたとき、あなたは指摘できますか？,10,0.33,249,259,30,2026-04-26
131,n7b6f85cda4eb,【画像生成AI入門】#12「標準・アイレベル」ってどんな世界？目線の高さがカギ！自然な世界観を演出,10,0.33,84,94,30,2026-04-26
132,n808c441acd13,【生成AI全滅!?】Copilotエージェントの正体とは？～生成AI 5種で徹底調査！～,10,0.33,241,251,30,2026-04-26
133,n7ec8e6eb27d7,【画像生成AI入門】#37「グリッチ効果」AIが作る壊れた世界の魅力とは？,10,0.33,81,91,30,2026-04-26
134,nb3b2558cd02d,【画像生成AI入門】#49「雨」 ひとつでここまで変わる！背景・光・質感の違いを徹底比較,10,0.33,85,95,30,2026-04-26
135,n64e4861fdffd,【画像生成AI入門】#35 「グロー効果」で“ふわっと輝く”夜を演出してみよう,9,0.3,91,100,30,2026-04-26
136,n7b1b21e29b53,水族館に行こう！（１）【デジさしみの朝活】｜画像生成｜スキしてみて,9,0.3,263,272,30,2026-04-26
137,n71943eb46c98,【AIシオンの画像生成入門】#119 「フラットデザイン」カクカクが可愛い！レトロな魅力 #Copilot #Gemini #AIイラスト #画像生成AI,9,0.3,181,190,30,2026-04-26
138,n55b8407968dc,【画像生成AI入門】#36 ピントの魔法！「被写界深度」で印象的な構図を作る方法🎨,9,0.3,50,59,30,2026-04-26
139,n029f0f7c552a,【画像生成AI入門】#41 「春」 ― 新緑・桜・柔光…AIが自動で加える春らしさとは？,9,0.3,38,47,30,2026-04-26
140,n735122a9bbd2,【AI シオンの画像生成入門】#97 「体積光」神々しい光のカーテンをプロンプトで出そう🎨,9,0.3,240,249,30,2026-04-26
141,n63318f445fe8,【画像生成AI入門】#73 「懐中時計」｜時間と物語を感じさせるAI画像の作り方,9,0.3,101,110,30,2026-04-26
142,n45efd0891d8a,【AI シオンの画像生成入門】#89 「アクリル」厚塗り風アートを楽しむ方法🎨,9,0.3,110,119,30,2026-04-26
143,n723190570b21,【画像生成AI入門】#15「トップダウン」上からの視点が生む“物語感”とは？,8,0.27,107,115,30,2026-04-26
144,n6ef366a5733c,【画像生成AI入門】#53 「幸福感」初心者でも使える“幸せ表現”の作り方,8,0.27,60,68,30,2026-04-26
145,nf4323e05cf1c,【AI シオンの画像生成入門】#93 「炎」一瞬でドラマチック！画面に熱量を加える魔法の言葉🎨,8,0.27,140,148,30,2026-04-26
146,nd1c204c69c27,【画像生成AI入門】#60 「活発」を足すだけで絵が一気に動き出す,8,0.27,104,112,30,2026-04-26
147,nb7a26e97ab1d,【AI シオンの画像生成入門】#84 「3Dレンダ」 まるで最新CG映画！立体感が爆上がりする魔法の言葉🎨,8,0.27,153,161,30,2026-04-26
148,n94d1b77fa2e5,はじめまして！デジさしみです。｜M365の効率化とAI画像生成、ときどき子育て,8,0.27,293,301,30,2026-04-26
149,n96f433315436,【AI シオンの画像生成入門】#92 「霧」朝霧から雲海まで、一言でエモい空気感を作る🎨,8,0.27,97,105,30,2026-04-26
150,n8a5af9431277,【画像生成AI入門】#62 近未来スーツとは？画像生成AIで“未来感の質”を高める方法,8,0.27,100,108,30,2026-04-26
151,n1be2f0dfc00a,【画像生成AI入門】#55 「荘厳」静けさと力強さを両立するプロンプト解説,8,0.27,81,89,30,2026-04-26
152,n6251651f6640,【AI シオンの画像生成入門】#98 「グロー」光の魔法で一気に幻想的な雰囲気に！✨🎨,8,0.27,244,252,30,2026-04-26
153,n03e4a7767952,サイバーの海から始まる月曜日の朝,8,0.27,184,192,30,2026-04-26
154,nccae5f0e210e,Excel Agent Modeでnoteのダッシュボードを解析してみる【デジさしみのAI実験室】 vol.005,7,0.23,180,187,30,2026-04-26
155,nea58910887cd,IF(IF(IF(IF…が誰でも読み取れる！？Excelの“呪文みたいな関数”をCopilotに解説させてみた,7,0.23,233,240,30,2026-04-26
156,nc6f93c479744,いろいろ試してみようと思う【デジさしみの朝活】｜画像生成｜スキしてみて,7,0.23,190,197,30,2026-04-26
157,nb35d7b3e58e3,よし、雑記を書こう,7,0.23,159,166,30,2026-04-26
158,n9ed750802909,Excelエージェントモード実装！深夜テンションで最速レビューしてみた。できること・使い方。・・・おや、Claudeもついてきてる！？,7,0.23,288,295,30,2026-04-26
159,n2fa144e3e7c4,【AIシオンの画像生成入門】#121 「フレームイン」窮屈な画面から卒業！開放的な一枚へ （Microsoft365 Copilot の画像生成AIを利用したAIイラスト）,7,0.23,206,213,30,2026-04-26
160,n0245074f9f18,【画像生成AI入門】#38 「ノイズ追加」で絵に深みを出す！AI画像の質感コントロール,7,0.23,105,112,30,2026-04-26
161,n1d4f377dcf51,【画像生成AI入門】#67 「スーツ」表現のコツ｜色と小物で仕上がりが変わる理由,7,0.23,78,85,30,2026-04-26
162,n550e0e072349,「Copilot エージェント Excel」と「Agent Mode」って何が違うの？深夜1時の雑談比較まとめ,7,0.23,184,191,30,2026-04-26
163,n0833346576a9,【AI シオンの画像生成入門】#85 「コラージュ」 切り貼りの美学！独特な深みと質感を出す方法🎨,6,0.2,170,176,30,2026-04-26
164,n763bb8c180c2,【画像生成AI入門】#02「ノワール」ってどんな世界？幻想的×近未来の魅力をプロンプトで再現！,6,0.2,57,63,30,2026-04-26
165,n54a2987786da,【画像生成AI入門】#30 「青みのコールドトーン」で作る静寂と透明感の世界,6,0.2,94,100,30,2026-04-26
166,n1a42c85da59c,生成AIは「デジタルさしみ」を理解できるのか？ 主要 画像生成AI 徹底比較 （2026/2 版）【5つの 生成AI で比較！ | ChatGPT | Copilot | Gemini NanoBanana Pro | Grok | Stable Diffusion 】,6,0.2,232,238,30,2026-04-26
167,n690cc6601fef,"【画像生成AI入門】#04「ミニマル」ってどんな世界？""シンプル""をプロンプトで再現！",6,0.2,51,57,30,2026-04-26
168,n7c5917c61645,朝焼けの海岸線から始まる火曜の朝,6,0.2,186,192,30,2026-04-26
169,ncd03dd715923,【画像生成AI入門】#18「全身」ポーズと背景で世界観を広げる,6,0.2,118,124,30,2026-04-26
170,nea5c100a4083,【保存版】業務自動化の始め方ガイド ― 失敗しないための手順と導入事例 ―,6,0.2,100,106,30,2026-04-26
171,n0362d1f691e7,仕事に疲れたら可愛い環境に変えたくなりませんか？｜スキしてみて❤️,5,0.17,163,168,30,2026-04-26
172,n07140d7c5807,【AIシオンの画像生成入門】#120 「チョークアート」ぬくもり溢れる黒板アートの世界を再現 #Copilot #Gemini #AIイラスト #画像生成AI,5,0.17,166,171,30,2026-04-26
173,n24e10e8ac454,Excel Agent Modeで専門用語の整理整頓！【デジさしみのAI実験室】 vol.004,5,0.17,181,186,30,2026-04-26
174,n49956c4268f4,【AI シオンの画像生成入門】#95 「ボケ」主役を引き立てる背景マジック🎨,5,0.17,155,160,30,2026-04-26
175,nb99fc8724fba,【画像生成AI入門】#70 「ジーンズ」ラフで親しみやすい人物を作るコツ,5,0.17,89,94,30,2026-04-26
176,ne1d310f4a5be,【画像生成AI入門】#45 「夜明け」はAIの解釈次第で色味が変わる！？,5,0.17,97,102,30,2026-04-26
177,nd739cc88495d,【画像生成AI入門】#40 「ぼかし」の威力とは？背景を整理して主役を際立たせる方法,5,0.17,54,59,30,2026-04-26
178,nb2fd3f879a64,Power Automate Desktopでnoteダッシュボードのデータ取得を自動化してみた話,5,0.17,140,145,30,2026-04-26
179,nb5ee1d387bd8,【画像生成AI入門】#22 「逆光のフレア」で物語が動き出す！光の演出で印象が激変する画像比較,5,0.17,66,71,30,2026-04-26
180,n8e019ea72a09,【画像生成AI入門】#09「ポップアート」ってどんな世界？SNSで目立つビビッドカラーを体験！,5,0.17,94,99,30,2026-04-26
181,na86d65fdfc5e,【画像生成AI入門】#34 「色収差わずかに」がもたらす、淡くリアルな世界の作り方,5,0.17,129,134,30,2026-04-26
182,n782a59cb667a,【AIシオンの画像生成入門】#109 「廃墟」寂しさと美しさが共存する、究極のエモ背景 Copilot GPTImage1.5 / Gemini NanoBananaPro 画像比較・解説,5,0.17,236,241,30,2026-04-26
183,n699c738c992f,ちょっとだけ優しい気持ちになれるイラストをCopliotで作ってみた,5,0.17,225,230,30,2026-04-26
184,n4fd7f3b7415a,【AIシオンの画像生成入門】#113 「ロー・ポリゴン」3Dゲーム風の可愛さをAIで再現してみよう！ #Gemini / #Copilot 画像比較・解説 毎日投稿 毎日note,5,0.17,231,236,30,2026-04-26
185,n7453cb389d87,Excel Agent Modeの改修結果を戻す！【デジさしみのAI実験室】 vol.003,4,0.13,240,244,30,2026-04-26
186,n5403a7c6d2cf,【AIシオンの画像生成入門】#115 「バロック」歪んだ真珠が作る美学！奥行きと迫力を生むテクニック #Copilot / #Gemini 画像比較・解説 毎日投稿 毎日更新,4,0.13,252,256,30,2026-04-26
187,n01c1a643afec,"【画像生成AI入門】#EX012 「年越しそば」AIに""大晦日""を理解させる方法",4,0.13,77,81,30,2026-04-26
188,n530c2ae448fb,生成AIは「デジタルさしみ」を理解できるのか？ 主要 画像生成AI 徹底比較 （2026/1 版）【5つの 生成AI で比較！ | ChatGPT | Copilot | Gemini NanoBanana Pro | Grok | Stable Diffusion 】,4,0.13,167,171,30,2026-04-26
189,n414d2814923b,【画像生成AI入門】#52 「緊張感」 キャラクターの心理を伝える空気感の作り方,4,0.13,53,57,30,2026-04-26
190,n26b846d3a80b,【画像生成AI入門】#75「 帽子 」ベレー帽から麦わら帽子まで、印象操作の魔法,4,0.13,73,77,30,2026-04-26
191,nb0d05f3bdc62,【画像生成AI入門】#50 「雪」 光×雪でつくる“しっとり系ビジュアル”解説,4,0.13,61,65,30,2026-04-26
192,nacc57daaa65a,Excel Agent Modeでツール改修！デジさしみのAI実験室 vol.001,4,0.13,190,194,30,2026-04-26
193,n93c34cca15ac,【公開準備中】画像生成AIの幅が広がる！Excelで作るプロンプト支援ツール,4,0.13,59,63,30,2026-04-26
194,nf3484c3f5ee5,Excel Agent Modeに改修案を聞く！【デジさしみのAI実験室】 vol.002,4,0.13,190,194,30,2026-04-26
195,n10e518aec64b,【AIシオンの画像生成入門】#96～100　リサイクル,4,0.13,179,183,30,2026-04-26
196,nb10112c27a64,“少し話したい”をもっと自然に 💬Teams 新機能を使った外部とのつながり方,4,0.13,187,191,30,2026-04-26
197,ncd409ae82011,【AI シオンの画像生成入門】#83「 鉛筆スケッチ 」手描きの質感がたまらない！モノクロが映える魔法の言葉🎨,3,0.1,163,166,30,2026-04-26
198,n308cea934099,【画像生成AI入門】#23 「ネオン光」が生む幻想世界｜夜の街に命を吹き込む,3,0.1,77,80,30,2026-04-26
199,neaab479e0ade,【 新年のご挨拶 】2026年も鮮度良く！デジさしみの新年の抱負と生存戦略,3,0.1,99,102,30,2026-04-26
200,nc9caed6528fd,【AIシオンの画像生成入門】#110 「雲海」写真を超えた絶景！心に刺さる風景をプロンプトで作ろう Copilot GPTImage1.5 / Gemini NanoBananaPro 画像比較・解説,3,0.1,220,223,30,2026-04-26
201,nc92c79598a44,【画像生成AI入門】#13「望遠・ハイアングル」は、ちょっとドラマチックなワンシーン,3,0.1,76,79,30,2026-04-26
202,ne60d666aac8e,【AIシオンの画像生成入門】#107 「雪山」反射光が美しい！透明感あふれる画像を作る秘密の言葉 Copilot GPTImage1.5 / Gemini NanoBananaPro 画像比較・解説,3,0.1,281,284,30,2026-04-26
203,n80645c86600f,【画像生成AI入門】#59 「ユーモラス」 キャラの魅力を引き出すユーモア表現の使い方,3,0.1,94,97,30,2026-04-26
204,na2e6266df33a,【AI シオンの画像生成入門】#87 「インク」が描く、凛とした線の強さと情緒的なにじみ🎨,3,0.1,93,96,30,2026-04-26
205,nb36956516510,【画像生成AI入門】#05「アールヌーボー」ってどんな世界？「アールヌーボー」感をプロンプトで再現！,3,0.1,49,52,30,2026-04-26
206,n881e1b5f5337,【画像生成AI入門】#EX014「 おみくじを結ぶ 」情緒たっぷりな新年の1枚,3,0.1,88,91,30,2026-04-26
207,n3185ed356640,【画像生成AI入門】#08「ペーパークラフト」ってどんな世界？紙のアートをデジタルで再現！,3,0.1,67,70,30,2026-04-26
208,n184acb03bed2,【感謝】100日越えてやっと届いた。コングラボードと、続けてきた私のnote | 毎日投稿100日達成,2,0.07,122,124,30,2026-04-26
209,n1aeb4c6f69a8,【画像生成AI入門】#54 「静寂」AIが“静けさ”を読み取る仕組みと使い方,2,0.07,58,60,30,2026-04-26
210,n764a76e01f40,【画像生成AI入門】#72 「古書」｜1冊置くだけで物語が生まれる理由,2,0.07,60,62,30,2026-04-26
211,n07a54bc409cc,【画像生成AI入門】#EX015「 お年玉のほほ笑み」あの小さな袋をAIに教える方法,2,0.07,84,86,30,2026-04-26
212,nf3a893e534de,【ランダム投稿】生成AIに画像を作ってもらった,2,0.07,151,153,30,2026-04-26
213,ne83d4155204c,【画像生成AI入門】#14「マクロ」って何？小さな世界を大きく魅せる！,2,0.07,53,55,30,2026-04-26
214,nf62da984e697,【AI シオンの画像生成入門】#100 「星のトレイル」いつもの夜空が幻想的な光の渦に変わる魔法！,2,0.07,255,257,30,2026-04-26
215,n9d081e08ac4e,【画像生成AI入門】#29 ゴールデンアワーで描く静寂とぬくもりの世界,2,0.07,63,65,30,2026-04-26
216,n8d16d75b6b5e,【画像生成AI入門】#EX016「 凧あげ 」 プロンプト1つで空に躍動感をプラス！,2,0.07,89,91,30,2026-04-26
217,n80bd84f9a272,【AI シオンの画像生成入門】#86 「 版画 」おしゃれなポスター風！かすれとインクの魔法🎨,2,0.07,81,83,30,2026-04-26
218,n7b2022bdfb1e,【祝】コングラボード3冠＆スマニュー掲載！noteを伸ばす「自己紹介」の力,2,0.07,228,230,30,2026-04-26
219,nf7669814f2e5,【画像生成AI入門】#24 「モノクロ」で描く静けさと感情の深み,2,0.07,57,59,30,2026-04-26
220,nc03b0c0ae24a,【画像生成AI入門】#42 「季節=夏」 でAIが“暑さ”を描き出す仕組み,2,0.07,37,39,30,2026-04-26
221,n5aa640163349,予約投稿、やってしまいました,2,0.07,192,194,30,2026-04-26
222,n482a77a025cf,【AIシオンの画像生成入門】#105 「田園風景」都会の喧騒を忘れるノスタルジックな1枚を Copilot GPTImage1.5 / Gemini NanoBananaPro 画像比較・解説,2,0.07,171,173,30,2026-04-26
223,nc1eca36a2b0d,【画像生成AI入門】#47 「晴天」で世界観が一変！光の強さが生むドラマチック演出の比較,2,0.07,58,60,30,2026-04-26
224,ndd5a611f2571,【画像生成AI入門】#26 「柔らかい光」って何？画像生成AIで“ふんわり雰囲気”をつくる魔法,2,0.07,82,84,30,2026-04-26
225,na0121cf8936d,【AIシオンの画像生成入門】#108 「公園」誰でも簡単！「日常のキラキラ」を生成するコツ Copilot GPTImage1.5 / Gemini NanoBananaPro 画像比較・解説,2,0.07,276,278,30,2026-04-26
226,nbdf2ca8272df,初心者でも迷わない、AI共創ワーク——Copilot Agent Modeが変えるExcelの作り方【検証あり】,2,0.07,215,217,30,2026-04-26
227,n47d6606780af,Copilotで情報ソースを確認していたら、自分のnote記事が出てきた話,1,0.03,62,63,30,2026-04-26
228,n2162844606f8,【画像生成AI入門】#51 「幻想的」 現実→夢世界へ。空気感の変化を徹底比較,1,0.03,46,47,30,2026-04-26
229,n77ef0206a0c5,【AIシオンの画像生成入門】#86～90　リサイクル,1,0.03,84,85,30,2026-04-26
230,n4a9065b365cc,"【作ってみた】画像プロンプトは""くじ引き""から！？",1,0.03,40,41,30,2026-04-26
231,n10b0fcce8b87,書くつもりだった土日が、気づけば回復タイムになっていた話,1,0.03,71,72,30,2026-04-26
232,n0a95fbdb078a,【AI シオンの画像生成入門】#101 「未来都市」普通の街がSFの世界に？AIと描く未来図🎨,1,0.03,226,227,30,2026-04-26
233,n03cf095d49bf,「Copilot in Excel」は画像生成の相棒になるか？🎄クリスマス編の舞台裏とAI対話術,1,0.03,84,85,30,2026-04-26
234,n1bbef4f588ec,"【画像生成AI入門】#03「モダン」ってどんな世界？""洗練された雰囲気""をプロンプトで再現！",1,0.03,45,46,30,2026-04-26
235,n25eaedbfb271,【画像生成AI入門】#EX002 「巨大クリスマスツリー」で冬の街を華やかに演出,1,0.03,76,77,30,2026-04-26
236,n2b2fd4693c09,三日坊主 も、 下書き地獄 も卒業したい！！ 心配性な私が note に アジャイル を持ち込んだ話,1,0.03,105,106,30,2026-04-26
237,n1c43a7051870,note100日続けて見えた景色と、「画像生成AI入門」シリーズのリニューアル,1,0.03,133,134,30,2026-04-26
238,n06496e571ec6,【AIシオンの画像生成入門】#91～95　リサイクル,1,0.03,180,181,30,2026-04-26
239,n7991816e25f4,【AI シオンの画像生成入門】#90 「切り絵」絵本のような世界観！温かみ溢れるアートの魔法🎨,1,0.03,119,120,30,2026-04-26
240,n794756255fe4,【AI シオンの画像生成入門】#82 「油彩」 筆あとまでリアル！デジタルが名画に変わる魔法🎨,1,0.03,112,113,30,2026-04-26
241,nbbbcbb34e9c3,【画像生成AI入門】#28 「スポットライト」ってこんな効果もあるの！？想像外の光の演出で主題を際立たせる！,1,0.03,81,82,30,2026-04-26
242,nbb0b3590392e,22時からの0→1達成。毎日投稿で見つけた小さな自信,1,0.03,59,60,30,2026-04-26
243,n7e858c84ed9a,日曜日のまったり雑記：スマニュー掲載と、今後の「書きたい」大渋滞,1,0.03,181,182,30,2026-04-26
244,n7f66e1bb638f,毎日投稿が苦手な私でも、『AIシオンの画像生成入門』は#100まで続きました,1,0.03,199,200,30,2026-04-26
245,nac76fc2ff357,【画像生成AI入門】#58「爽快」一瞬で抜け感が出るプロンプト術とは？,1,0.03,78,79,30,2026-04-26
246,n9837f47cf6ad,【画像生成AI入門】#66 「ストリート」＝都会感の正体？AIが理解する服装キーワードとは,1,0.03,95,96,30,2026-04-26
247,nd85545f8e6a7,【AIシオンの画像生成入門】#101～104　リサイクル,1,0.03,158,159,30,2026-04-26
248,nd24f0424e182,【画像生成AI入門】#EX010 「夜景×イルミ橋」良いクリスマスをお過ごしください,1,0.03,67,68,30,2026-04-26
249,nd0095be42970,【画像生成AI入門】#EX004 「雪の駅前、待ち合わせ」駅前のイルミネーションで冬の街を華やかに描こう,1,0.03,74,75,30,2026-04-26
250,ncd2337bf2a75,【画像生成AI入門】#31 「高精細・ノイズ低め」でここまで変わる！仕上げ設定で失敗していない？,1,0.03,59,60,30,2026-04-26
251,ncc41c89ce687,2025年の振り返り：走りながら考えた4ヶ月間 ✨,1,0.03,98,99,30,2026-04-26
252,ne160b9a4878f,【画像生成AI入門】#07「スチームパンク」ってどんな世界？画像生成AIで冒険世界を創造！,1,0.03,61,62,30,2026-04-26
253,nebd799df30e4,【AIシオンの画像生成入門】#81～85　リサイクル,1,0.03,107,108,30,2026-04-26
254,nff385ee95871,【画像生成AI入門】#48 「曇り空」がもたらす柔らかい光と静寂の表現テク,1,0.03,56,57,30,2026-04-26
